{"cameraMode":{"drawMode":0,"name":"Shaded","section":"Shading Mode"},"sceneLighting":false,"audioPlay":false,"sceneViewState":{"showFog":true,"showMaterialUpdate":false,"showSkybox":false,"showFlares":true,"showImageEffects":true,"showParticleSystems":true},"in2DMode":false,"pivot":{"x":3.0363969802856447,"y":-15.056377410888672,"z":3.362171173095703},"rotation":{"x":0.001052563195116818,"y":0.9773934483528137,"z":-0.21170741319656373,"w":0.004681932739913464},"size":13.580869674682618,"orthographic":false}